{
  "best_model": "Logistic Regression",
  "selected_threshold": 0.5,
  "rows": 1200,
  "target_distribution": {
    "0": 0.8392,
    "1": 0.1608
  },
  "metrics_at_default_threshold": [
    {
      "model": "Logistic Regression",
      "threshold": 0.5,
      "accuracy": 0.7417,
      "precision": 0.3614,
      "recall": 0.7692,
      "f1_score": 0.4918,
      "roc_auc": 0.8307
    },
    {
      "model": "Decision Tree",
      "threshold": 0.5,
      "accuracy": 0.725,
      "precision": 0.32,
      "recall": 0.6154,
      "f1_score": 0.4211,
      "roc_auc": 0.7042
    }
  ],
  "metrics_at_selected_threshold": {
    "model": "Logistic Regression",
    "threshold": 0.5,
    "accuracy": 0.7417,
    "precision": 0.3614,
    "recall": 0.7692,
    "f1_score": 0.4918,
    "roc_auc": 0.8307
  },
  "classification_report": {
    "0": {
      "precision": 0.9426751592356688,
      "recall": 0.736318407960199,
      "f1-score": 0.8268156424581006,
      "support": 201.0
    },
    "1": {
      "precision": 0.3614457831325301,
      "recall": 0.7692307692307693,
      "f1-score": 0.4918032786885246,
      "support": 39.0
    },
    "accuracy": 0.7416666666666667,
    "macro avg": {
      "precision": 0.6520604711840995,
      "recall": 0.7527745885954842,
      "f1-score": 0.6593094605733125,
      "support": 240.0
    },
    "weighted avg": {
      "precision": 0.8482253856189087,
      "recall": 0.7416666666666667,
      "f1-score": 0.7723761333455444,
      "support": 240.0
    }
  }
}
